RegionID,RegionName,City,State,Metro,CountyName,SizeRank,2011-12,2012-01,2012-02,2012-03,2012-04,2012-05,2012-06,2012-07,2012-08,2012-09,2012-10,2012-11,2012-12,2013-01,2013-02,2013-03,2013-04,2013-05,2013-06,2013-07,2013-08,2013-09,2013-10,2013-11,2013-12,2014-01,2014-02,2014-03,2014-04,2014-05,2014-06,2014-07,2014-08,2014-09,2014-10,2014-11,2014-12,2015-01,2015-02,2015-03,2015-04,2015-05,2015-06,2015-07,2015-08,2015-09,2015-10,2015-11,2015-12,2016-01,2016-02,2016-03,2016-04,2016-05,2016-06,2016-07,2016-08,2016-09,2016-10,2016-11,2016-12,2017-01,2017-02,2017-03,2017-04,2017-05,2017-06,2017-07,2017-08,2017-09,2017-10,2017-11,2017-12,2018-01,2018-02,2018-03,2018-04,2018-05,2018-06,2018-07
61615,10001,New York,NY,New York,New York,1783,3312,3278,3292,3301,3332,3338,3330,3319,3345,3383,3425,3428,3438,3420,3395,3360,3370,3412,3455,3467,3449,3480,3537,3592,3642,3655,3662,3616,3605,3594,3608,3638,3706,3758,3829,3891,3952,4001,4063,4101,4116,4078,4075,4051,4061,4060,3947,3883,3840,3912,3966,4002,4060,4084,4096,4076,4040,3991,3945,3908,3882,3863,3838,3801,3771,3756,3789,3862,3935,3987,3989,3969,3918,3866,3812,3785,3763,3750,3727,3712
61616,10002,New York,NY,New York,New York,9,3108,3104,3118,3104,3120,3147,3184,3197,3217,3231,3257,3275,3286,3278,3248,3234,3241,3272,3304,3287,3255,3230,3270,3332,3392,3416,3424,3424,3436,3440,3457,3501,3574,3645,3727,3793,3846,3870,3893,3901,3913,3901,3908,3888,3892,3873,3791,3741,3714,3756,3769,3789,3836,3865,3870,3842,3816,3785,3756,3724,3689,3655,3632,3615,3609,3626,3659,3713,3753,3790,3799,3792,3756,3714,3676,3670,3676,3688,3679,3668
61617,10003,New York,NY,New York,New York,45,3362,3300,3298,3305,3329,3338,3344,3346,3372,3410,3442,3442,3440,3418,3392,3359,3382,3440,3508,3506,3468,3487,3556,3630,3685,3701,3708,3652,3640,3633,3654,3701,3783,3878,4009,4128,4238,4284,4351,4383,4402,4344,4330,4323,4353,4345,4209,4110,4036,4083,4160,4219,4295,4312,4307,4269,4218,4170,4127,4086,4054,4021,3990,3958,3936,3933,3972,4053,4129,4192,4207,4197,4155,4115,4080,4051,4013,3974,3936,3917
61618,10004,New York,NY,New York,New York,11051,3539,3543,3585,3582,3596,3610,3607,3621,3627,3661,3689,3686,3702,3638,3599,3571,3601,3649,3664,3677,3649,3653,3667,3695,3725,3769,3817,3834,3819,3769,3763,3807,3903,3953,3997,4066,4120,4154,4159,4193,4228,4205,4191,4180,4228,4261,4249,4246,4253,4317,4376,4392,4411,4419,4420,4376,4324,4301,4309,4307,4291,4257,4228,4212,4204,4202,4213,4235,4253,4278,4275,4255,4212,4170,4142,4102,4067,4031,4007,3991
61619,10005,New York,NY,New York,New York,7139,3344,3334,3364,3361,3387,3397,3409,3435,3458,3481,3507,3523,3551,3516,3494,3468,3470,3485,3502,3529,3523,3528,3529,3535,3530,3531,3567,3596,3610,3575,3588,3630,3723,3767,3822,3839,3859,3870,3885,3908,3918,3937,3945,3970,3996,4018,3907,3830,3785,3854,3899,3914,3927,3934,3948,3964,3973,3977,3972,3958,3939,3917,3897,3872,3852,3840,3850,3881,3912,3938,3942,3929,3903,3874,3848,3820,3798,3782,3773,3768
61620,10006,New York,NY,New York,New York,10704,3052,3044,3068,3081,3089,3096,3119,3167,3191,3231,3255,3277,3272,3254,3244,3241,3237,3229,3232,3244,3255,3249,3245,3253,3267,3270,3280,3289,3303,3297,3278,3265,3269,3300,3348,3399,3437,3461,3473,3485,3514,3553,3602,3642,3639,3616,3547,3529,3509,3523,3521,3521,3531,3543,3556,3565,3580,3597,3603,3594,3570,3512,3451,3393,3371,3365,3371,3392,3414,3432,3443,3441,3430,3407,3386,3365,3349,3341,3339,3345
61623,10009,New York,NY,New York,New York,22,3189,3155,3138,3132,3148,3170,3179,3184,3213,3250,3273,3270,3279,3282,3259,3222,3206,3249,3297,3292,3244,3217,3262,3322,3378,3411,3430,3432,3433,3438,3465,3518,3592,3683,3811,3930,4030,4065,4102,4132,4167,4152,4147,4111,4099,4035,3888,3793,3742,3782,3814,3850,3910,3947,3964,3963,3944,3916,3894,3874,3848,3810,3780,3750,3736,3743,3780,3845,3901,3940,3938,3908,3853,3794,3746,3722,3708,3697,3679,3670
61624,10010,New York,NY,New York,New York,872,3211,3170,3186,3193,3223,3236,3253,3253,3289,3323,3351,3350,3346,3330,3300,3284,3310,3369,3415,3413,3382,3386,3431,3479,3521,3539,3552,3542,3551,3546,3557,3594,3661,3710,3792,3873,3964,4014,4065,4102,4117,4073,4072,4042,4061,4042,3928,3856,3798,3871,3916,3954,3995,4011,4009,3971,3927,3877,3841,3814,3789,3762,3741,3713,3696,3695,3734,3799,3860,3915,3937,3937,3899,3855,3816,3803,3795,3790,3780,3776
61625,10011,New York,NY,New York,New York,26,3453,3390,3362,3381,3427,3457,3443,3428,3429,3451,3469,3466,3474,3459,3440,3407,3427,3480,3525,3527,3489,3543,3611,3677,3719,3757,3777,3729,3696,3700,3731,3791,3880,3990,4175,4342,4477,4519,4592,4606,4600,4486,4469,4496,4572,4614,4471,4414,4369,4465,4582,4669,4728,4691,4655,4625,4579,4513,4443,4377,4311,4269,4231,4198,4167,4156,4192,4268,4345,4415,4433,4413,4351,4287,4237,4191,4144,4097,4059,4035
61628,10014,New York,NY,New York,New York,536,3497,3422,3387,3391,3431,3461,3458,3464,3461,3479,3477,3470,3497,3504,3517,3495,3516,3568,3605,3612,3558,3592,3647,3716,3750,3773,3792,3773,3770,3791,3828,3884,3965,4082,4250,4408,4504,4521,4554,4558,4569,4478,4457,4472,4534,4585,4484,4458,4409,4497,4601,4677,4721,4698,4695,4683,4645,4588,4533,4486,4438,4391,4341,4289,4250,4238,4263,4326,4384,4448,4464,4445,4386,4325,4282,4239,4187,4128,4081,4050
61630,10016,New York,NY,New York,New York,15,3141,3104,3109,3102,3135,3154,3179,3191,3241,3281,3294,3272,3259,3251,3225,3211,3235,3314,3374,3375,3320,3294,3330,3378,3439,3463,3482,3476,3479,3479,3494,3518,3560,3595,3671,3749,3822,3844,3863,3866,3880,3875,3897,3889,3901,3876,3782,3708,3667,3717,3752,3777,3815,3829,3827,3806,3784,3759,3730,3702,3673,3642,3616,3593,3582,3590,3622,3672,3718,3759,3774,3766,3728,3682,3639,3629,3637,3652,3656,3657
61631,10017,New York,NY,New York,New York,3626,3047,3041,3064,3072,3103,3131,3144,3171,3221,3264,3257,3222,3204,3202,3183,3175,3205,3286,3347,3346,3300,3285,3324,3368,3416,3429,3451,3440,3436,3427,3444,3452,3479,3503,3601,3691,3744,3733,3723,3733,3768,3786,3826,3825,3834,3815,3720,3648,3595,3634,3648,3636,3654,3666,3689,3679,3671,3648,3623,3583,3539,3497,3468,3452,3446,3458,3496,3553,3612,3646,3648,3632,3599,3552,3496,3467,3469,3486,3491,3490
61633,10019,New York,NY,New York,New York,91,3253,3209,3227,3240,3271,3271,3271,3280,3319,3364,3393,3393,3388,3358,3322,3312,3340,3392,3429,3443,3425,3440,3477,3522,3584,3610,3635,3594,3576,3558,3577,3609,3658,3722,3816,3908,3953,3970,3981,4002,4027,4015,4019,3992,4013,4009,3928,3866,3829,3863,3890,3917,3963,3980,3987,3977,3956,3916,3872,3843,3833,3833,3830,3814,3792,3777,3796,3848,3895,3928,3922,3897,3851,3804,3760,3739,3721,3708,3683,3667
61635,10021,New York,NY,New York,New York,293,3060,3084,3123,3147,3144,3127,3122,3135,3187,3251,3272,3267,3257,3256,3262,3250,3305,3367,3453,3447,3386,3333,3288,3306,3309,3354,3384,3390,3371,3343,3372,3394,3423,3451,3530,3598,3650,3678,3705,3724,3756,3775,3817,3826,3850,3833,3763,3708,3653,3669,3719,3822,3887,3898,3855,3827,3796,3740,3697,3666,3662,3663,3658,3642,3627,3627,3654,3694,3726,3743,3736,3716,3682,3643,3605,3579,3564,3556,3541,3534
61636,10022,New York,NY,New York,New York,1132,3241,3218,3234,3224,3234,3234,3233,3264,3313,3374,3373,3347,3332,3315,3290,3281,3321,3409,3487,3478,3421,3402,3447,3502,3554,3595,3636,3622,3591,3549,3549,3587,3627,3683,3777,3888,4011,4066,4096,4073,4070,4056,4068,4047,4060,4042,3952,3901,3864,3918,4017,4115,4182,4139,4065,4004,3949,3886,3838,3810,3803,3805,3816,3813,3821,3844,3900,3967,4014,4049,4037,3991,3912,3838,3772,3734,3718,3721,3721,3718
61637,10023,New York,NY,New York,New York,3,3232,3186,3211,3231,3259,3269,3277,3282,3305,3336,3364,3362,3360,3335,3314,3327,3369,3425,3457,3474,3444,3433,3452,3496,3566,3595,3611,3573,3547,3540,3558,3600,3657,3721,3824,3913,3979,4000,4051,4051,4068,4024,4082,4087,4112,4065,3986,3933,3899,3900,3956,4019,4099,4101,4086,4049,4001,3948,3905,3873,3846,3825,3820,3808,3795,3777,3799,3855,3916,3958,3958,3926,3866,3810,3764,3746,3725,3704,3667,3646
61638,10024,New York,NY,New York,New York,65,3214,3160,3162,3163,3196,3219,3234,3224,3241,3271,3288,3276,3279,3274,3254,3245,3258,3344,3406,3445,3389,3362,3377,3418,3472,3516,3538,3519,3481,3478,3497,3534,3585,3698,3844,3973,4087,4129,4220,4211,4284,4255,4301,4281,4315,4320,4252,4213,4181,4225,4294,4386,4463,4467,4405,4322,4233,4164,4138,4130,4116,4090,4076,4052,4033,4017,4034,4083,4133,4180,4176,4129,4034,3950,3888,3878,3870,3859,3827,3806
61639,10025,New York,NY,New York,New York,1,2981,2985,2999,2993,2977,2968,2968,2973,3023,3080,3104,3101,3127,3163,3165,3148,3150,3199,3264,3297,3268,3228,3234,3254,3307,3345,3376,3377,3351,3354,3358,3388,3422,3468,3509,3550,3549,3543,3542,3562,3627,3677,3732,3723,3733,3724,3693,3653,3622,3622,3607,3593,3621,3656,3686,3675,3652,3623,3598,3582,3569,3556,3539,3524,3521,3524,3534,3549,3568,3592,3597,3587,3557,3523,3491,3484,3483,3482,3468,3454
61640,10026,New York,NY,New York,New York,1823,2585,2579,2589,2566,2568,2552,2553,2539,2596,2661,2687,2664,2662,2708,2750,2782,2784,2767,2744,2745,2760,2785,2777,2775,2782,2834,2871,2909,2926,2943,2962,2963,3008,3046,3093,3118,3114,3136,3155,3208,3246,3280,3304,3324,3345,3352,3357,3349,3338,3324,3310,3293,3295,3318,3351,3366,3375,3376,3370,3363,3351,3340,3325,3314,3313,3323,3341,3357,3372,3381,3375,3352,3316,3282,3255,3250,3247,3240,3221,3207
61641,10027,New York,NY,New York,New York,236,2522,2513,2520,2495,2497,2489,2490,2487,2509,2529,2509,2485,2481,2503,2539,2550,2566,2554,2568,2580,2605,2632,2647,2656,2653,2662,2679,2702,2714,2707,2702,2705,2745,2813,2880,2950,2968,3001,3011,3041,3091,3133,3185,3221,3252,3271,3285,3284,3279,3258,3249,3241,3245,3268,3290,3293,3291,3288,3285,3270,3252,3227,3209,3193,3189,3196,3215,3242,3265,3277,3267,3239,3198,3156,3116,3101,3089,3081,3060,3045
61642,10028,New York,NY,New York,New York,165,2939,2936,2948,2947,2929,2915,2923,2965,3039,3121,3141,3115,3052,3046,3036,3058,3094,3142,3173,3164,3141,3128,3098,3091,3085,3104,3115,3128,3143,3120,3091,3075,3106,3171,3241,3282,3334,3376,3430,3444,3463,3461,3488,3510,3552,3556,3525,3490,3470,3490,3536,3590,3621,3623,3590,3551,3520,3496,3488,3472,3460,3443,3426,3403,3391,3396,3416,3439,3446,3440,3420,3404,3393,3382,3365,3352,3346,3345,3342,3338
61643,10029,New York,NY,New York,New York,25,2635,2614,2585,2549,2539,2540,2542,2545,2589,2642,2663,2646,2617,2599,2610,2661,2698,2701,2654,2638,2652,2673,2686,2703,2732,2745,2745,2763,2794,2808,2784,2758,2767,2804,2842,2869,2894,2917,2925,2920,2931,2945,2976,3015,3033,3029,3051,3065,3078,3036,3016,3002,3003,3020,3037,3033,3018,3010,3015,3018,3013,3005,2997,2992,2988,2993,3004,3017,3028,3040,3049,3051,3035,3002,2957,2918,2887,2865,2847,2837
61644,10030,New York,NY,New York,New York,3297,2151,2150,2168,2186,2209,2221,2229,2209,2178,2125,2059,2027,2042,2064,2110,2129,2149,2143,2122,2162,2208,2280,2277,2285,2225,2193,2158,2188,2221,2215,2206,2187,2189,2223,2314,2414,2464,2484,2510,2554,2608,2646,2691,2722,2760,2788,2863,2902,2919,2881,2853,2843,2849,2886,2913,2915,2902,2899,2903,2900,2891,2876,2865,2862,2868,2883,2901,2924,2945,2962,2970,2967,2942,2900,2851,2814,2787,2767,2751,2743
61645,10031,New York,NY,New York,New York,460,2305,2320,2328,2317,2329,2332,2328,2316,2309,2305,2259,2230,2222,2214,2238,2237,2261,2270,2288,2323,2362,2407,2418,2423,2352,2317,2294,2335,2370,2334,2325,2291,2311,2381,2489,2625,2689,2719,2739,2746,2793,2825,2876,2927,2970,2997,3048,3062,3067,3014,2986,2979,2979,3012,3035,3050,3043,3039,3032,3023,3011,2994,2975,2956,2944,2948,2963,2988,3010,3029,3034,3027,2999,2961,2916,2881,2855,2836,2824,2813
61646,10032,New York,NY,New York,New York,385,2065,2040,2039,2048,2090,2130,2135,2116,2084,2046,2002,1982,2000,1999,2032,2040,2085,2081,2057,2070,2122,2202,2222,2233,2173,2129,2063,2087,2132,2155,2160,2134,2122,2136,2199,2289,2362,2422,2455,2471,2479,2519,2571,2628,2681,2715,2796,2838,2858,2806,2764,2741,2743,2775,2803,2803,2791,2790,2802,2801,2791,2773,2760,2752,2749,2760,2775,2797,2815,2831,2839,2839,2818,2785,2745,2714,2686,2660,2639,2625
61647,10033,New York,NY,New York,New York,740,1936,1918,1907,1931,1955,1995,2003,1998,1977,1957,1931,1915,1939,1941,1981,1983,2025,2010,1984,2002,2064,2155,2173,2183,2116,2070,2009,2001,2034,2041,2048,2011,1982,2006,2075,2193,2289,2354,2379,2374,2376,2405,2465,2518,2568,2589,2670,2684,2679,2606,2578,2589,2610,2645,2675,2687,2685,2669,2658,2646,2637,2630,2630,2626,2617,2608,2611,2631,2654,2665,2661,2644,2625,2595,2571,2547,2527,2509,2494,2485
61649,10035,New York,NY,New York,New York,2167,2349,2359,2356,2337,2330,2348,2372,2380,2366,2361,2341,2321,2310,2297,2350,2389,2437,2426,2410,2405,2428,2438,2433,2437,2448,2465,2473,2494,2529,2532,2522,2491,2502,2528,2574,2611,2608,2605,2620,2656,2705,2728,2771,2797,2824,2837,2895,2913,2923,2875,2856,2860,2876,2907,2920,2922,2913,2910,2915,2910,2899,2889,2888,2893,2901,2920,2939,2956,2965,2976,2982,2976,2956,2929,2898,2872,2849,2829,2815,2804
61650,10036,New York,NY,New York,New York,747,3303,3273,3253,3238,3261,3258,3267,3266,3301,3347,3388,3403,3405,3389,3363,3330,3320,3342,3379,3405,3399,3419,3460,3498,3519,3533,3540,3520,3519,3518,3535,3557,3630,3707,3779,3825,3857,3874,3895,3930,3970,3983,3976,3947,3937,3919,3831,3762,3713,3744,3754,3772,3783,3801,3808,3819,3816,3793,3765,3740,3729,3726,3729,3717,3707,3699,3717,3743,3765,3774,3771,3770,3758,3733,3689,3650,3624,3604,3578,3553
61652,10038,New York,NY,New York,New York,3577,3230,3237,3262,3261,3296,3335,3367,3367,3367,3388,3416,3418,3418,3399,3400,3387,3386,3398,3420,3434,3413,3429,3462,3503,3504,3504,3528,3537,3549,3525,3544,3581,3660,3718,3780,3821,3847,3849,3851,3869,3884,3894,3893,3931,3982,4020,3924,3856,3810,3853,3853,3839,3852,3868,3883,3880,3871,3862,3846,3827,3802,3774,3747,3718,3699,3702,3736,3789,3836,3874,3884,3872,3839,3799,3766,3742,3731,3726,3725,3727
61653,10039,New York,NY,New York,New York,3602,2114,2082,2060,2059,2088,2125,2110,2082,2039,2004,1959,1944,1978,1976,2007,1999,2034,2016,1996,2030,2101,2190,2201,2212,2149,2116,2041,2046,2085,2129,2166,2151,2133,2137,2195,2287,2340,2375,2397,2436,2476,2527,2586,2639,2688,2719,2779,2806,2821,2798,2773,2764,2764,2800,2824,2826,2810,2803,2812,2814,2810,2799,2796,2793,2793,2806,2827,2849,2864,2875,2887,2892,2868,2820,2759,2719,2698,2687,2679,2674
61657,10044,New York,NY,New York,New York,7855,2855,2868,2880,2901,2906,2899,2907,2936,3013,3073,3106,3102,3070,3046,3029,3033,3058,3063,3068,3085,3110,3134,3100,3072,3045,3037,3062,3072,3112,3094,3096,3049,3044,3092,3172,3242,3269,3313,3356,3397,3426,3449,3454,3436,3441,3435,3419,3376,3346,3337,3368,3403,3445,3452,3446,3414,3373,3339,3323,3318,3313,3305,3301,3294,3299,3310,3328,3338,3344,3363,3383,3387,3360,3325,3293,3269,3249,3223,3204,3191
399545,10065,New York,NY,New York,New York,1368,3339,3301,3327,3332,3345,3333,3321,3360,3407,3468,3465,3445,3439,3407,3381,3373,3446,3557,3650,3641,3565,3529,3542,3614,3669,3716,3732,3704,3653,3609,3604,3654,3698,3791,3912,4055,4183,4253,4307,4300,4309,4290,4306,4309,4379,4407,4311,4246,4215,4309,4381,4446,4489,4459,4396,4340,4296,4243,4194,4168,4170,4184,4195,4180,4172,4167,4198,4234,4261,4271,4240,4184,4104,4040,3990,3977,3978,3978,3962,3948
61664,10069,New York,NY,New York,New York,9181,4369,4325,4325,4318,4288,4293,4246,4294,4332,4439,4549,4584,4613,4477,4370,4268,4287,4337,4386,4386,4330,4276,4212,4267,4449,4775,4928,5001,4976,5056,5022,4991,5020,5197,5405,5529,5563,5600,5605,5638,5661,5691,5716,5760,5886,6001,6008,5974,5946,5981,5994,6020,6038,6050,6046,6044,6039,6025,6030,6001,5949,5871,5824,5803,5801,5801,5806,5808,5830,5849,5861,5850,5803,5746,5681,5648,5606,5565,5522,5499
399546,10075,New York,NY,New York,New York,2255,2953,2970,2996,3003,2990,2980,2991,3023,3085,3159,3178,3163,3121,3115,3115,3120,3159,3206,3268,3269,3242,3213,3163,3152,3141,3176,3197,3198,3194,3157,3172,3165,3201,3231,3306,3358,3410,3435,3474,3479,3498,3495,3532,3561,3597,3591,3544,3507,3482,3501,3554,3612,3647,3644,3617,3593,3565,3537,3522,3502,3487,3466,3445,3417,3402,3404,3429,3464,3490,3500,3490,3472,3452,3431,3410,3391,3379,3373,3368,3362
61703,10128,New York,NY,New York,New York,27,2934,2919,2920,2917,2908,2909,2929,2974,3038,3111,3135,3115,3048,3020,3001,3031,3086,3132,3139,3118,3102,3098,3067,3054,3057,3078,3102,3125,3158,3136,3097,3077,3110,3185,3224,3240,3236,3234,3262,3273,3307,3317,3346,3374,3417,3437,3436,3415,3402,3399,3425,3449,3472,3476,3472,3449,3430,3408,3399,3381,3368,3352,3339,3324,3315,3320,3337,3355,3362,3363,3360,3359,3356,3344,3323,3304,3289,3275,3261,3250
61771,10280,New York,NY,New York,New York,8210,3152,3173,3201,3183,3159,3144,3178,3244,3291,3318,3328,3329,3316,3286,3256,3265,3278,3291,3286,3275,3266,3246,3253,3271,3304,3309,3329,3332,3359,3364,3366,3365,3379,3407,3436,3463,3487,3510,3515,3524,3532,3551,3552,3563,3571,3582,3571,3567,3562,3556,3558,3558,3584,3594,3607,3602,3605,3610,3618,3613,3594,3556,3516,3482,3466,3464,3478,3500,3519,3534,3539,3536,3523,3508,3493,3482,3455,3427,3395,3378
61777,10301,New York,NY,New York,Richmond,2297,1836,1820,1809,1801,1800,1800,1800,1796,1801,1813,1835,1858,1883,1915,1943,1965,1974,1973,1971,2001,2046,2088,2077,2022,1959,1912,1890,1880,1884,1897,1910,1935,1975,2023,2066,2099,2115,2111,2097,2092,2095,2099,2089,2092,2101,2124,2133,2135,2134,2147,2141,2119,2077,2087,2119,2159,2160,2151,2135,2137,2148,2165,2169,2148,2122,2092,2087,2090,2106,2118,2123,2117,2108,2112,2127,2146,2158,2163,2165,2167
61778,10302,New York,NY,New York,Richmond,7641,1813,1807,1803,1801,1800,1798,1794,1787,1786,1789,1795,1798,1816,1831,1853,1854,1885,1914,1959,2002,2040,2054,2013,1945,1885,1848,1834,1839,1863,1897,1924,1956,1999,2043,2084,2112,2125,2113,2097,2078,2061,2039,2016,2023,2035,2061,2064,2060,2043,2024,2003,1982,1964,1985,2034,2095,2124,2135,2122,2112,2097,2089,2073,2051,2035,2028,2038,2043,2048,2050,2048,2046,2043,2060,2089,2119,2140,2151,2159,2166
61779,10303,New York,NY,New York,Richmond,6016,1811,1806,1802,1800,1800,1793,1787,1780,1785,1791,1797,1800,1816,1830,1849,1850,1879,1911,1958,1999,2026,2033,1995,1942,1886,1842,1820,1828,1865,1912,1943,1968,1995,2026,2063,2090,2102,2086,2062,2039,2025,2013,2000,2006,2022,2047,2052,2041,2021,2005,1986,1960,1938,1958,2012,2076,2102,2099,2071,2051,2036,2031,2018,2004,1992,1985,1991,1997,2003,2005,2002,2002,2009,2026,2054,2081,2104,2122,2134,2140
61780,10304,New York,NY,New York,Richmond,2160,1806,1804,1802,1801,1812,1825,1832,1826,1824,1840,1855,1881,1903,1939,1960,1976,1974,1969,1964,1996,2039,2083,2083,2047,1995,1964,1950,1955,1960,1973,1981,2001,2027,2061,2092,2117,2122,2107,2084,2074,2080,2094,2099,2101,2101,2107,2112,2111,2106,2101,2087,2071,2044,2041,2053,2082,2095,2098,2085,2079,2080,2099,2106,2099,2080,2061,2064,2078,2098,2106,2104,2100,2104,2118,2141,2165,2181,2190,2193,2195
61781,10305,New York,NY,New York,Richmond,2614,1813,1808,1804,1808,1822,1843,1856,1853,1852,1859,1860,1869,1868,1897,1917,1946,1938,1917,1900,1939,1999,2057,2077,2056,2003,1960,1932,1942,1950,1968,1979,1998,2023,2061,2093,2118,2119,2104,2085,2075,2084,2096,2107,2101,2099,2102,2111,2116,2120,2126,2120,2110,2081,2071,2068,2087,2099,2108,2102,2098,2097,2115,2133,2141,2131,2109,2098,2106,2134,2163,2171,2159,2141,2137,2153,2176,2200,2217,2228,2235
61782,10306,New York,NY,New York,Richmond,876,1843,1826,1816,1810,1811,1823,1843,1848,1845,1842,1867,1901,1936,1960,1973,1971,1950,1941,1961,2014,2067,2104,2118,2102,2069,2037,2020,2012,2007,2003,2001,2077,2175,2269,2285,2276,2259,2234,2212,2196,2186,2181,2181,2164,2150,2136,2136,2129,2130,2142,2146,2138,2114,2112,2125,2151,2171,2185,2190,2194,2196,2208,2218,2217,2204,2181,2185,2203,2245,2272,2277,2253,2224,2208,2209,2213,2212,2206,2200,2199
61783,10307,New York,NY,New York,Richmond,8774,1931,1909,1912,1905,1884,1857,1846,1834,1816,1794,1786,1786,1789,1804,1843,1898,1954,2005,2050,2084,2104,2136,2167,2179,2150,2103,2052,1994,1946,1922,1934,2003,2063,2116,2105,2113,2144,2200,2249,2264,2260,2230,2198,2151,2132,2124,2139,2157,2172,2193,2200,2182,2151,2124,2134,2160,2173,2178,2173,2173,2174,2187,2198,2202,2188,2165,2136,2111,2078,2068,2062,2064,2046,2038,2052,2084,2111,2129,2137,2140
61784,10308,New York,NY,New York,Richmond,5324,1841,1824,1814,1806,1802,1800,1800,1798,1801,1817,1845,1880,1912,1940,1952,1945,1919,1912,1939,1992,2041,2075,2093,2081,2047,2013,1997,1999,2000,2002,2001,2070,2143,2213,2227,2241,2259,2269,2280,2276,2252,2222,2202,2186,2179,2175,2176,2163,2147,2143,2138,2126,2099,2098,2124,2164,2194,2217,2229,2236,2236,2246,2258,2266,2261,2241,2235,2250,2285,2315,2308,2267,2210,2182,2185,2200,2207,2205,2202,2200
61785,10309,New York,NY,New York,Richmond,4657,1855,1841,1831,1820,1813,1806,1803,1801,1804,1803,1795,1785,1803,1837,1890,1925,1960,1998,2035,2069,2087,2123,2147,2143,2099,2048,2017,2003,2003,2002,2001,2044,2083,2130,2135,2156,2191,2237,2280,2295,2285,2250,2209,2156,2137,2136,2156,2172,2179,2190,2183,2155,2125,2116,2150,2192,2221,2231,2235,2233,2232,2225,2209,2189,2175,2180,2205,2244,2281,2305,2290,2240,2174,2139,2141,2160,2173,2178,2180,2181
61786,10310,New York,NY,New York,Richmond,5953,1816,1810,1805,1801,1800,1800,1800,1790,1785,1784,1794,1801,1825,1859,1898,1911,1922,1927,1949,1992,2041,2077,2051,1992,1930,1891,1870,1861,1872,1890,1906,1952,2011,2073,2107,2134,2143,2135,2118,2107,2098,2084,2060,2062,2076,2105,2117,2118,2104,2086,2062,2042,2023,2056,2106,2167,2186,2195,2184,2174,2160,2160,2158,2143,2122,2103,2110,2115,2119,2122,2121,2116,2108,2116,2137,2162,2178,2187,2191,2193
61788,10312,New York,NY,New York,Richmond,1007,1829,1817,1810,1805,1802,1800,1800,1800,1800,1815,1827,1850,1876,1913,1946,1958,1961,1968,1995,2034,2073,2110,2131,2121,2079,2037,2015,2013,2017,2033,2056,2126,2178,2218,2215,2223,2247,2271,2296,2291,2269,2227,2195,2165,2161,2160,2166,2158,2147,2150,2153,2140,2108,2100,2129,2179,2215,2235,2243,2245,2247,2258,2271,2279,2282,2286,2302,2323,2344,2354,2331,2280,2223,2196,2192,2195,2194,2192,2189,2187
61790,10314,New York,NY,New York,Richmond,113,1812,1805,1801,1800,1800,1800,1800,1800,1803,1813,1829,1849,1876,1904,1929,1942,1948,1957,1977,2018,2060,2087,2079,2040,1985,1936,1921,1938,1964,1983,1988,2009,2041,2083,2119,2149,2161,2153,2147,2144,2147,2148,2156,2157,2155,2149,2151,2146,2130,2125,2108,2090,2049,2036,2048,2082,2102,2113,2114,2115,2116,2131,2142,2121,2083,2048,2069,2106,2152,2177,2189,2180,2163,2152,2150,2147,2141,2136,2134,2131
61791,10451,New York,NY,New York,New York,728,1516,1503,1498,1509,1517,1525,1524,1537,1554,1565,1554,1523,1513,1504,1522,1534,1562,1583,1600,1608,1613,1612,1619,1620,1610,1586,1563,1542,1543,1549,1567,1579,1599,1613,1630,1640,1651,1659,1665,1680,1694,1705,1715,1718,1730,1732,1756,1772,1787,1790,1792,1791,1779,1764,1754,1752,1754,1769,1791,1806,1808,1807,1807,1802,1790,1785,1800,1820,1828,1816,1806,1809,1823,1836,1839,1839,1835,1837,1837,1839
61796,10456,New York,NY,New York,Bronx,43,1569,1543,1530,1524,1534,1546,1568,1583,1605,1619,1615,1590,1574,1562,1574,1583,1605,1621,1628,1628,1624,1619,1620,1627,1633,1630,1622,1616,1614,1610,1606,1615,1636,1664,1680,1688,1691,1695,1706,1720,1739,1750,1764,1773,1786,1792,1800,1809,1825,1843,1855,1849,1829,1809,1800,1803,1816,1831,1844,1845,1844,1841,1832,1819,1806,1811,1833,1860,1875,1874,1876,1881,1891,1895,1896,1900,1907,1913,1914,1914
61797,10457,New York,NY,New York,Bronx,225,1523,1503,1491,1490,1506,1523,1550,1572,1598,1605,1593,1565,1540,1520,1518,1521,1542,1566,1577,1573,1557,1548,1554,1565,1584,1592,1595,1599,1605,1609,1606,1606,1623,1653,1681,1696,1700,1708,1717,1736,1754,1770,1779,1784,1790,1794,1803,1811,1825,1840,1850,1852,1834,1813,1794,1788,1788,1790,1790,1788,1787,1783,1772,1758,1746,1742,1743,1748,1760,1775,1789,1799,1805,1808,1809,1816,1825,1835,1837,1838
61799,10459,New York,NY,New York,Bronx,1474,1549,1530,1517,1515,1530,1547,1569,1587,1611,1625,1616,1603,1593,1592,1596,1600,1616,1630,1636,1633,1627,1621,1623,1630,1646,1652,1647,1640,1633,1629,1620,1625,1645,1682,1705,1722,1724,1734,1740,1749,1757,1771,1786,1795,1797,1798,1802,1813,1827,1847,1853,1853,1838,1823,1809,1808,1819,1832,1841,1829,1813,1795,1779,1765,1752,1760,1781,1808,1830,1852,1873,1885,1890,1890,1890,1892,1896,1900,1898,1897
61801,10461,New York,NY,New York,Bronx,1080,1548,1536,1529,1519,1520,1526,1532,1544,1560,1574,1573,1568,1573,1583,1588,1588,1590,1605,1616,1626,1632,1635,1636,1629,1632,1633,1640,1639,1646,1643,1644,1641,1660,1680,1697,1709,1716,1728,1737,1755,1769,1777,1779,1769,1769,1773,1794,1810,1824,1831,1834,1838,1838,1835,1823,1812,1800,1795,1793,1779,1757,1738,1732,1735,1740,1748,1760,1772,1778,1778,1775,1782,1800,1822,1837,1841,1838,1833,1827,1823
61802,10462,New York,NY,New York,Bronx,42,1498,1494,1496,1504,1517,1540,1566,1594,1610,1614,1599,1581,1569,1559,1562,1566,1593,1623,1641,1642,1632,1636,1637,1634,1624,1605,1591,1585,1603,1630,1666,1691,1710,1718,1722,1729,1738,1739,1731,1715,1722,1739,1756,1747,1741,1738,1750,1757,1772,1785,1800,1812,1826,1832,1825,1813,1794,1774,1748,1719,1699,1690,1689,1676,1643,1608,1581,1564,1567,1586,1620,1652,1674,1681,1664,1639,1615,1601,1592,1589
61803,10463,New York,NY,New York,Bronx,55,1599,1593,1582,1570,1566,1568,1588,1613,1650,1669,1673,1661,1651,1642,1630,1622,1627,1642,1660,1666,1670,1671,1670,1670,1673,1675,1673,1663,1658,1662,1668,1684,1703,1733,1749,1764,1766,1768,1769,1779,1788,1793,1797,1816,1843,1863,1891,1900,1914,1908,1906,1892,1874,1867,1877,1899,1924,1945,1958,1957,1953,1951,1955,1957,1951,1945,1951,1974,1998,2008,2002,1991,1982,1973,1962,1949,1935,1922,1911,1905
61804,10464,New York,NY,New York,Bronx,11685,1639,1624,1601,1575,1579,1590,1599,1610,1630,1646,1646,1637,1624,1617,1619,1623,1634,1644,1665,1686,1700,1707,1708,1707,1705,1701,1699,1698,1708,1708,1706,1697,1716,1761,1820,1883,1912,1908,1880,1871,1868,1858,1825,1785,1780,1792,1834,1861,1882,1894,1891,1880,1861,1850,1856,1876,1890,1897,1894,1880,1869,1873,1893,1913,1917,1917,1916,1926,1940,1963,1980,2000,2023,2038,2035,2019,2006,2005,2003,2005
61805,10465,New York,NY,New York,Bronx,2900,1586,1573,1560,1547,1556,1572,1581,1584,1595,1609,1612,1607,1608,1614,1621,1620,1618,1624,1631,1643,1650,1652,1656,1657,1662,1659,1659,1660,1673,1672,1675,1671,1693,1711,1731,1740,1740,1739,1737,1743,1748,1754,1754,1756,1771,1795,1824,1843,1854,1861,1861,1860,1851,1842,1835,1837,1839,1841,1836,1820,1805,1799,1804,1819,1834,1850,1865,1876,1880,1877,1872,1871,1879,1896,1910,1911,1905,1901,1899,1898
61806,10466,New York,NY,New York,Bronx,644,1545,1544,1541,1531,1540,1555,1573,1588,1609,1621,1622,1614,1608,1598,1589,1585,1589,1595,1600,1603,1603,1612,1624,1640,1651,1662,1666,1657,1638,1621,1611,1620,1638,1664,1678,1687,1691,1692,1694,1701,1711,1722,1723,1714,1723,1748,1786,1811,1831,1849,1858,1865,1865,1856,1837,1825,1823,1827,1821,1803,1778,1758,1755,1772,1789,1801,1808,1829,1859,1890,1908,1921,1930,1939,1939,1936,1926,1915,1904,1900
61807,10467,New York,NY,New York,Bronx,10,1483,1476,1484,1492,1498,1499,1501,1513,1536,1553,1554,1547,1543,1531,1521,1518,1535,1559,1583,1591,1591,1585,1586,1586,1590,1592,1589,1582,1580,1580,1576,1577,1602,1639,1670,1688,1695,1702,1708,1722,1733,1745,1747,1743,1752,1767,1781,1790,1794,1810,1813,1816,1806,1793,1776,1764,1754,1746,1737,1716,1690,1673,1675,1693,1712,1729,1742,1754,1764,1769,1777,1785,1795,1797,1796,1795,1795,1796,1795,1795
61809,10469,New York,NY,New York,Bronx,984,1550,1533,1523,1517,1515,1515,1521,1539,1568,1589,1591,1585,1582,1587,1586,1583,1585,1595,1609,1613,1618,1620,1624,1626,1638,1649,1657,1653,1644,1630,1621,1621,1640,1663,1682,1698,1707,1716,1721,1736,1751,1764,1772,1764,1768,1774,1797,1812,1823,1832,1832,1833,1825,1824,1818,1815,1806,1800,1795,1779,1753,1733,1730,1741,1754,1765,1775,1787,1796,1799,1801,1809,1824,1838,1843,1842,1841,1841,1841,1840
61810,10470,New York,NY,New York,Bronx,7418,1532,1533,1540,1541,1558,1567,1583,1596,1624,1639,1640,1628,1617,1601,1585,1576,1579,1589,1600,1615,1629,1644,1649,1652,1656,1658,1653,1637,1622,1611,1612,1619,1638,1658,1677,1689,1689,1687,1691,1710,1731,1739,1735,1735,1758,1788,1818,1831,1843,1854,1858,1860,1861,1853,1837,1820,1812,1804,1790,1770,1755,1749,1760,1779,1790,1797,1797,1813,1836,1862,1877,1888,1902,1912,1910,1899,1884,1871,1859,1852
61813,10473,New York,NY,New York,Bronx,720,1539,1534,1528,1527,1542,1562,1580,1593,1613,1624,1627,1620,1617,1616,1609,1602,1601,1615,1630,1641,1645,1641,1640,1636,1643,1645,1650,1647,1651,1646,1650,1659,1687,1708,1719,1725,1727,1736,1735,1738,1742,1756,1771,1781,1797,1812,1829,1835,1842,1853,1851,1851,1836,1825,1808,1802,1805,1815,1820,1814,1800,1790,1781,1774,1774,1791,1820,1846,1861,1863,1858,1850,1848,1851,1858,1866,1874,1882,1883,1884
61979,11004,New York,NY,New York,Queens,8051,1711,1701,1710,1725,1745,1760,1769,1782,1787,1797,1800,1811,1821,1834,1830,1841,1834,1841,1843,1864,1890,1908,1932,1966,2016,2061,2080,2069,2063,2068,2082,2101,2127,2149,2170,2158,2168,2161,2178,2176,2177,2183,2197,2197,2222,2245,2276,2273,2262,2255,2259,2261,2269,2266,2259,2241,2214,2190,2181,2187,2195,2201,2203,2213,2220,2216,2206,2198,2199,2204,2204,2203,2199,2194,2186,2179,2175,2175,2174,2171
61980,11005,New York,NY,New York,Queens,12001,1706,1693,1692,1706,1716,1736,1742,1758,1764,1778,1793,1802,1800,1800,1787,1792,1783,1798,1821,1848,1880,1895,1910,1926,1940,1960,1972,1982,2002,2026,2055,2086,2106,2117,2110,2092,2096,2098,2112,2107,2110,2112,2126,2115,2122,2128,2152,2168,2169,2177,2193,2194,2194,2180,2181,2170,2154,2139,2138,2148,2157,2159,2153,2152,2154,2152,2141,2135,2135,2142,2147,2147,2147,2142,2140,2140,2141,2143,2145,2143
62004,11101,New York,NY,New York,Queens,1360,1851,1839,1841,1880,1925,1967,1982,1966,1945,1914,1923,1959,2027,2062,2091,2104,2124,2158,2185,2226,2244,2257,2265,2284,2321,2384,2427,2479,2503,2523,2530,2526,2534,2546,2580,2615,2628,2610,2563,2515,2483,2480,2497,2533,2572,2594,2589,2585,2582,2567,2566,2558,2564,2544,2529,2526,2520,2515,2506,2501,2501,2510,2524,2545,2572,2597,2619,2637,2644,2636,2622,2617,2615,2611,2597,2581,2563,2551,2543,2539
62005,11102,New York,NY,New York,Queens,2117,1721,1717,1742,1794,1848,1871,1870,1867,1860,1860,1849,1878,1895,1899,1882,1868,1879,1897,1919,1945,1963,1982,2021,2065,2115,2151,2173,2173,2170,2188,2215,2257,2307,2367,2400,2415,2424,2428,2431,2410,2400,2381,2365,2343,2351,2391,2432,2449,2446,2421,2399,2374,2381,2382,2383,2367,2352,2346,2348,2344,2332,2314,2298,2287,2280,2273,2264,2260,2270,2287,2298,2290,2269,2246,2232,2231,2234,2238,2238,2238
62006,11103,New York,NY,New York,Queens,2004,1726,1724,1744,1784,1835,1855,1856,1842,1824,1819,1821,1851,1863,1860,1851,1846,1845,1844,1861,1893,1925,1949,1967,1994,2027,2054,2074,2082,2096,2131,2155,2207,2260,2351,2416,2453,2474,2496,2515,2509,2487,2461,2420,2385,2395,2439,2480,2494,2499,2480,2440,2386,2368,2363,2365,2357,2338,2323,2315,2312,2305,2295,2284,2279,2278,2278,2275,2277,2288,2301,2301,2282,2256,2233,2221,2217,2220,2222,2220,2216
62007,11104,New York,NY,New York,Queens,3298,1680,1681,1702,1736,1765,1781,1781,1782,1777,1773,1767,1778,1793,1804,1812,1819,1831,1829,1837,1857,1886,1921,1944,1974,1998,2019,2051,2077,2128,2161,2180,2203,2235,2296,2333,2345,2356,2357,2369,2344,2317,2293,2269,2261,2281,2331,2364,2363,2353,2339,2333,2318,2325,2322,2320,2303,2281,2263,2254,2246,2228,2205,2185,2182,2183,2188,2184,2182,2186,2198,2207,2209,2205,2201,2200,2201,2201,2200,2199,2198
62008,11105,New York,NY,New York,Queens,2878,1752,1754,1778,1815,1850,1862,1865,1867,1856,1849,1849,1877,1896,1899,1900,1899,1905,1912,1926,1948,1956,1957,1967,1997,2046,2095,2124,2127,2121,2139,2159,2205,2258,2339,2395,2423,2441,2449,2456,2450,2452,2448,2430,2400,2407,2441,2485,2498,2497,2473,2427,2382,2369,2377,2384,2373,2348,2327,2318,2316,2311,2305,2300,2297,2291,2283,2273,2274,2284,2296,2292,2272,2246,2225,2213,2214,2221,2228,2232,2231
62009,11106,New York,NY,New York,New York,1120,1701,1687,1703,1760,1821,1857,1855,1846,1826,1826,1825,1866,1887,1895,1884,1886,1900,1911,1919,1940,1967,1999,2033,2080,2120,2158,2173,2187,2210,2239,2253,2262,2290,2337,2370,2388,2409,2415,2422,2397,2387,2362,2349,2334,2361,2407,2444,2454,2460,2448,2436,2399,2403,2388,2383,2359,2340,2330,2329,2320,2305,2287,2276,2271,2266,2260,2249,2248,2258,2277,2287,2282,2265,2248,2238,2236,2236,2237,2236,2235
62010,11109,New York,NY,New York,New York,8715,2115,2135,2136,2200,2244,2360,2397,2395,2308,2233,2224,2298,2395,2470,2518,2557,2577,2612,2631,2685,2712,2740,2740,2733,2723,2723,2715,2724,2731,2747,2760,2769,2794,2809,2827,2827,2827,2814,2796,2760,2750,2764,2797,2832,2858,2888,2851,2823,2810,2843,2878,2883,2891,2889,2886,2877,2860,2846,2831,2806,2789,2778,2785,2798,2823,2854,2885,2916,2923,2906,2884,2866,2851,2825,2788,2761,2733,2716,2704,2699
62012,11201,New York,NY,New York,Kings,31,2243,2252,2271,2316,2357,2380,2392,2416,2448,2472,2494,2528,2566,2594,2614,2637,2653,2673,2680,2719,2764,2812,2838,2835,2816,2796,2784,2774,2784,2783,2802,2808,2819,2842,2856,2888,2895,2907,2917,2934,2943,2942,2938,2938,2933,2933,2942,2950,2952,2942,2936,2941,2938,2928,2913,2904,2897,2892,2892,2892,2886,2873,2854,2835,2838,2865,2908,2947,2977,2997,3008,2999,2978,2943,2914,2899,2893,2890,2881,2873
62014,11203,New York,NY,New York,Kings,447,1531,1519,1509,1507,1522,1548,1584,1615,1632,1650,1660,1680,1689,1700,1711,1717,1739,1771,1801,1834,1857,1880,1873,1876,1871,1894,1912,1944,1962,1965,1968,1993,2014,2020,1981,1956,1921,1906,1884,1881,1870,1878,1899,1937,1974,2001,2018,2018,2017,2018,2009,2020,2036,2071,2100,2130,2161,2188,2215,2230,2235,2235,2235,2229,2217,2202,2191,2189,2197,2226,2261,2290,2294,2281,2261,2242,2225,2211,2202,2198
62015,11204,New York,NY,New York,Kings,377,1645,1623,1605,1597,1592,1600,1623,1662,1697,1711,1713,1699,1688,1664,1643,1632,1644,1677,1714,1744,1756,1750,1735,1730,1738,1760,1790,1809,1817,1805,1811,1843,1874,1914,1957,2001,2013,1980,1955,1960,1984,1997,2017,2042,2109,2154,2188,2194,2195,2204,2202,2203,2194,2184,2180,2190,2217,2240,2258,2263,2260,2253,2248,2244,2235,2223,2213,2217,2228,2249,2261,2259,2237,2211,2188,2167,2149,2134,2126,2119
62016,11205,New York,NY,New York,Kings,1495,1999,2016,2013,2053,2083,2124,2144,2176,2212,2238,2255,2277,2308,2319,2311,2303,2322,2353,2387,2463,2527,2579,2560,2544,2524,2521,2521,2525,2530,2535,2552,2581,2611,2654,2679,2696,2680,2656,2649,2652,2663,2673,2674,2688,2689,2703,2710,2722,2722,2737,2741,2749,2726,2712,2707,2721,2734,2742,2748,2752,2748,2737,2723,2706,2695,2692,2709,2740,2788,2831,2863,2861,2835,2787,2745,2715,2700,2687,2673,2661
62017,11206,New York,NY,New York,Kings,47,1883,1885,1891,1919,1952,2010,2047,2065,2067,2076,2086,2084,2083,2080,2090,2094,2105,2132,2176,2247,2307,2370,2404,2433,2447,2454,2460,2454,2450,2434,2432,2444,2476,2514,2540,2552,2547,2529,2515,2515,2530,2538,2533,2535,2552,2587,2627,2655,2658,2650,2632,2620,2598,2585,2585,2596,2617,2636,2654,2668,2674,2671,2657,2630,2600,2575,2571,2588,2614,2642,2664,2666,2646,2609,2578,2557,2536,2517,2501,2491
62018,11207,New York,NY,New York,Kings,84,1562,1559,1555,1558,1561,1587,1611,1643,1656,1670,1664,1660,1652,1662,1670,1681,1687,1706,1741,1790,1809,1846,1855,1862,1836,1829,1834,1840,1847,1867,1903,1948,1982,2009,2019,2024,2027,2025,2037,2054,2066,2064,2055,2066,2097,2141,2182,2217,2237,2243,2237,2236,2237,2240,2242,2240,2242,2245,2254,2261,2266,2263,2261,2251,2243,2232,2224,2218,2225,2245,2263,2262,2246,2226,2211,2203,2198,2197,2197,2197
62019,11208,New York,NY,New York,Kings,329,1562,1566,1567,1575,1575,1605,1636,1671,1687,1694,1687,1680,1669,1683,1693,1710,1711,1732,1779,1837,1856,1882,1885,1893,1870,1864,1870,1877,1883,1905,1944,2015,2085,2143,2149,2140,2123,2101,2088,2081,2087,2077,2079,2097,2140,2186,2216,2239,2246,2271,2277,2280,2267,2261,2254,2245,2240,2240,2247,2255,2264,2264,2260,2248,2233,2217,2207,2201,2206,2222,2235,2230,2214,2199,2194,2191,2187,2183,2178,2175
62020,11209,New York,NY,New York,Kings,58,1691,1694,1691,1678,1681,1704,1735,1756,1772,1772,1773,1765,1769,1758,1751,1747,1761,1797,1833,1885,1916,1943,1931,1909,1887,1890,1911,1931,1943,1942,1969,2008,2055,2073,2092,2101,2111,2091,2074,2074,2109,2136,2154,2167,2202,2230,2235,2232,2222,2224,2229,2235,2234,2226,2227,2238,2251,2258,2263,2262,2259,2251,2247,2242,2240,2239,2250,2271,2297,2321,2334,2338,2337,2331,2314,2284,2254,2228,2211,2201
62021,11210,New York,NY,New York,Kings,737,1610,1581,1560,1549,1552,1571,1597,1624,1647,1671,1680,1679,1668,1664,1655,1667,1684,1730,1763,1790,1788,1772,1757,1746,1750,1760,1777,1812,1852,1866,1875,1895,1926,1962,1986,2017,2022,1993,1959,1943,1946,1958,1976,2016,2075,2119,2138,2139,2140,2134,2116,2113,2128,2157,2177,2194,2216,2243,2275,2300,2315,2323,2327,2323,2308,2283,2259,2252,2261,2286,2310,2328,2327,2314,2292,2269,2249,2229,2214,2203
62022,11211,New York,NY,New York,Kings,131,2177,2178,2185,2230,2284,2338,2371,2406,2432,2446,2464,2476,2476,2480,2477,2504,2507,2527,2540,2597,2637,2675,2675,2675,2665,2656,2661,2655,2663,2671,2691,2717,2742,2780,2798,2808,2801,2792,2778,2775,2779,2792,2804,2831,2867,2906,2924,2928,2927,2925,2922,2908,2891,2879,2876,2882,2893,2910,2931,2946,2953,2952,2942,2928,2931,2940,2959,2977,2994,3005,2994,2962,2905,2846,2797,2770,2750,2737,2722,2713
62023,11212,New York,NY,New York,Kings,62,1515,1513,1504,1510,1526,1551,1574,1604,1617,1636,1636,1645,1638,1639,1638,1639,1655,1685,1729,1772,1789,1788,1769,1763,1754,1757,1754,1767,1775,1807,1826,1865,1888,1911,1900,1887,1864,1854,1845,1850,1848,1852,1884,1919,1970,1998,2033,2047,2054,2058,2047,2056,2068,2099,2116,2133,2149,2163,2177,2186,2192,2197,2195,2181,2159,2140,2135,2144,2169,2204,2237,2245,2232,2209,2194,2189,2184,2182,2181,2181
62024,11213,New York,NY,New York,Kings,417,1610,1606,1595,1597,1598,1622,1645,1671,1686,1704,1710,1702,1690,1683,1688,1701,1723,1762,1808,1860,1894,1934,1943,1945,1925,1932,1937,1946,1958,1968,1983,2007,2067,2124,2152,2157,2168,2197,2205,2216,2217,2225,2229,2242,2273,2304,2327,2334,2330,2317,2295,2283,2279,2290,2303,2319,2338,2354,2373,2382,2385,2381,2373,2355,2328,2302,2292,2303,2328,2361,2385,2394,2389,2380,2372,2363,2351,2339,2328,2318
62025,11214,New York,NY,New York,Kings,68,1613,1604,1602,1601,1601,1610,1638,1675,1708,1713,1714,1698,1698,1676,1657,1636,1640,1656,1675,1699,1714,1724,1718,1723,1733,1755,1780,1798,1807,1809,1816,1840,1857,1885,1920,1951,1968,1954,1939,1950,1962,1981,2005,2030,2076,2103,2131,2147,2155,2168,2167,2174,2166,2159,2151,2161,2181,2199,2216,2225,2225,2219,2212,2204,2196,2193,2195,2207,2221,2235,2240,2228,2207,2185,2168,2152,2138,2126,2116,2110
62026,11215,New York,NY,New York,Kings,120,2097,2115,2135,2159,2195,2226,2274,2306,2340,2355,2361,2371,2400,2426,2447,2457,2464,2473,2480,2523,2556,2584,2581,2570,2550,2541,2545,2543,2547,2558,2579,2600,2606,2626,2651,2681,2691,2688,2707,2736,2756,2764,2754,2753,2750,2761,2781,2782,2777,2770,2757,2749,2727,2717,2706,2709,2717,2724,2728,2723,2712,2695,2676,2658,2646,2644,2660,2700,2752,2800,2826,2820,2792,2749,2712,2682,2662,2649,2643,2638
62027,11216,New York,NY,New York,Kings,502,1687,1665,1649,1651,1662,1693,1732,1787,1832,1867,1877,1865,1847,1837,1843,1857,1870,1901,1938,1992,2048,2118,2158,2175,2173,2190,2205,2211,2220,2219,2242,2265,2317,2355,2393,2409,2417,2420,2425,2426,2418,2410,2406,2412,2422,2439,2467,2483,2484,2466,2443,2429,2422,2426,2437,2452,2472,2487,2495,2493,2484,2474,2466,2459,2447,2431,2424,2443,2479,2519,2542,2545,2527,2503,2478,2458,2438,2422,2409,2401
62028,11217,New York,NY,New York,Kings,1592,2166,2195,2220,2242,2273,2293,2335,2361,2403,2412,2422,2434,2483,2520,2542,2547,2556,2570,2579,2620,2670,2715,2723,2696,2666,2647,2658,2665,2677,2680,2701,2723,2745,2769,2783,2801,2800,2798,2818,2846,2860,2859,2841,2842,2836,2844,2851,2848,2847,2850,2840,2836,2817,2817,2813,2820,2824,2825,2820,2809,2798,2783,2771,2754,2753,2763,2793,2828,2870,2902,2916,2898,2869,2838,2823,2818,2816,2810,2804,2798
62029,11218,New York,NY,New York,Kings,281,1697,1680,1670,1662,1661,1667,1691,1728,1764,1783,1783,1772,1771,1776,1785,1792,1812,1852,1903,1956,1991,2016,2016,2047,2080,2119,2121,2115,2106,2100,2095,2103,2108,2118,2131,2166,2185,2184,2153,2153,2168,2185,2190,2194,2230,2264,2289,2294,2292,2297,2284,2277,2262,2267,2271,2285,2301,2318,2332,2337,2334,2323,2307,2288,2266,2250,2240,2249,2270,2299,2325,2341,2347,2340,2321,2298,2273,2254,2242,2236
62030,11219,New York,NY,New York,Kings,388,1666,1652,1634,1625,1622,1623,1644,1674,1708,1719,1725,1714,1706,1683,1672,1676,1702,1747,1779,1809,1812,1817,1808,1809,1817,1845,1877,1899,1901,1887,1892,1920,1959,2000,2032,2059,2058,2036,2013,2022,2034,2046,2059,2083,2131,2163,2192,2212,2225,2242,2240,2238,2222,2213,2213,2230,2254,2271,2280,2282,2282,2283,2286,2291,2289,2285,2278,2279,2285,2298,2314,2324,2319,2297,2270,2245,2222,2206,2197,2194
62031,11220,New York,NY,New York,Kings,465,1670,1665,1657,1655,1663,1670,1688,1705,1734,1742,1748,1729,1730,1718,1732,1737,1757,1789,1819,1869,1893,1902,1889,1871,1882,1888,1908,1917,1932,1942,1954,1982,2011,2037,2043,2050,2050,2047,2036,2036,2036,2033,2038,2063,2115,2164,2192,2209,2219,2227,2221,2217,2208,2213,2221,2243,2261,2269,2269,2261,2255,2252,2250,2249,2246,2248,2261,2278,2294,2305,2314,2317,2306,2285,2262,2240,2220,2202,2192,2188
62032,11221,New York,NY,New York,Kings,80,1639,1634,1620,1617,1617,1642,1671,1704,1732,1755,1765,1758,1747,1749,1763,1786,1809,1851,1905,1967,2013,2081,2142,2190,2204,2204,2196,2178,2175,2206,2247,2281,2314,2347,2369,2361,2357,2353,2363,2374,2389,2398,2401,2409,2435,2462,2485,2494,2495,2494,2485,2481,2472,2465,2460,2462,2474,2485,2497,2501,2496,2482,2464,2445,2432,2429,2436,2452,2474,2496,2520,2524,2508,2473,2437,2408,2385,2367,2351,2340
62033,11222,New York,NY,New York,Kings,1210,2060,2049,2033,2062,2114,2197,2248,2291,2309,2325,2348,2371,2348,2344,2342,2389,2397,2419,2434,2489,2520,2564,2582,2606,2613,2613,2614,2600,2597,2591,2597,2600,2607,2634,2673,2707,2717,2708,2693,2685,2683,2677,2676,2684,2720,2758,2807,2827,2834,2815,2801,2776,2742,2724,2731,2763,2796,2830,2857,2874,2874,2866,2845,2822,2813,2815,2824,2835,2845,2858,2854,2837,2792,2736,2677,2634,2600,2579,2562,2551
62034,11223,New York,NY,New York,Kings,286,1637,1617,1605,1598,1597,1609,1633,1670,1706,1716,1715,1696,1693,1677,1666,1657,1668,1698,1741,1778,1795,1793,1783,1785,1792,1801,1812,1820,1838,1842,1846,1870,1899,1956,2002,2040,2038,2006,1975,1980,1994,2017,2041,2071,2120,2152,2179,2188,2188,2188,2175,2177,2179,2193,2198,2213,2236,2262,2284,2293,2290,2279,2266,2247,2220,2202,2200,2218,2244,2272,2285,2280,2262,2241,2222,2203,2181,2164,2150,2143
62035,11224,New York,NY,New York,Kings,848,1675,1672,1669,1663,1665,1668,1684,1692,1701,1700,1709,1722,1735,1747,1746,1745,1739,1753,1772,1819,1851,1869,1865,1870,1894,1916,1932,1928,1927,1930,1941,1952,1965,2003,2042,2062,2048,2027,2031,2074,2112,2144,2172,2196,2216,2210,2205,2203,2202,2205,2203,2213,2215,2215,2215,2225,2242,2255,2274,2280,2280,2276,2279,2286,2298,2301,2298,2285,2281,2286,2300,2315,2321,2320,2316,2319,2323,2320,2313,2308
62036,11225,New York,NY,New York,Kings,370,1632,1625,1626,1640,1650,1670,1689,1719,1739,1766,1780,1785,1784,1783,1792,1805,1826,1863,1903,1956,1995,2031,2042,2055,2056,2068,2067,2068,2068,2076,2093,2120,2166,2196,2204,2195,2174,2155,2134,2151,2181,2224,2248,2279,2306,2330,2354,2366,2364,2334,2297,2285,2284,2301,2311,2330,2349,2365,2375,2379,2377,2370,2359,2346,2326,2302,2283,2287,2317,2360,2401,2426,2437,2428,2408,2382,2359,2344,2336,2332
62037,11226,New York,NY,New York,Kings,14,1591,1585,1583,1582,1585,1587,1606,1625,1650,1668,1682,1699,1707,1720,1723,1735,1747,1784,1811,1849,1864,1879,1880,1909,1938,1965,1963,1961,1962,1963,1970,1999,2036,2059,2050,2034,2018,1999,1984,1992,2000,2005,2004,2032,2078,2121,2126,2113,2099,2102,2095,2097,2099,2117,2133,2154,2171,2187,2197,2198,2192,2179,2161,2139,2120,2113,2120,2144,2178,2217,2253,2281,2296,2298,2286,2267,2248,2231,2218,2206
62038,11228,New York,NY,New York,Kings,3838,1669,1660,1642,1628,1627,1647,1673,1702,1726,1731,1730,1707,1700,1679,1668,1656,1663,1689,1718,1760,1777,1783,1769,1771,1779,1804,1833,1857,1866,1857,1868,1890,1914,1935,1964,1997,2019,2008,1994,2004,2019,2032,2041,2062,2112,2153,2187,2209,2221,2230,2226,2222,2218,2213,2219,2239,2267,2282,2283,2278,2277,2277,2284,2291,2294,2294,2297,2303,2310,2315,2317,2314,2306,2300,2287,2265,2239,2217,2203,2196
62039,11229,New York,NY,New York,Kings,82,1617,1590,1573,1568,1575,1588,1609,1640,1670,1687,1692,1692,1690,1688,1680,1686,1701,1731,1758,1784,1789,1775,1759,1757,1769,1780,1790,1812,1838,1848,1855,1887,1923,1979,2019,2049,2043,2004,1977,1966,1969,1985,2017,2053,2095,2118,2138,2143,2146,2134,2113,2109,2123,2145,2159,2171,2186,2201,2223,2247,2265,2279,2288,2286,2270,2243,2223,2218,2227,2249,2267,2278,2272,2263,2249,2231,2210,2192,2182,2173
62040,11230,New York,NY,New York,Kings,56,1655,1635,1617,1601,1595,1598,1616,1648,1689,1716,1726,1713,1701,1684,1671,1675,1692,1735,1784,1822,1832,1817,1800,1799,1808,1823,1840,1854,1873,1867,1875,1902,1936,1974,2015,2055,2067,2034,2001,2006,2030,2066,2088,2111,2153,2184,2203,2201,2197,2197,2185,2185,2181,2186,2191,2208,2235,2263,2286,2298,2299,2295,2290,2279,2259,2237,2225,2231,2250,2275,2294,2301,2296,2281,2260,2237,2215,2198,2186,2179
62041,11231,New York,NY,New York,New York,2071,2135,2141,2127,2134,2169,2207,2260,2275,2307,2326,2369,2410,2476,2509,2512,2494,2509,2562,2611,2673,2742,2806,2825,2785,2735,2687,2681,2676,2691,2699,2714,2726,2743,2762,2784,2806,2830,2856,2882,2902,2896,2881,2853,2855,2862,2885,2912,2922,2927,2910,2895,2877,2870,2867,2870,2868,2860,2848,2836,2820,2803,2781,2763,2742,2748,2776,2816,2849,2878,2897,2899,2876,2852,2828,2811,2801,2795,2790,2785,2779
62042,11232,New York,NY,New York,Kings,6159,1721,1710,1705,1698,1700,1699,1720,1749,1803,1828,1843,1825,1831,1824,1826,1814,1813,1834,1867,1925,1962,1981,1969,1949,1954,1966,1986,1994,2003,2037,2073,2121,2142,2154,2145,2137,2130,2132,2134,2142,2139,2130,2136,2164,2208,2243,2272,2293,2304,2299,2290,2292,2289,2297,2298,2314,2323,2327,2321,2307,2289,2270,2254,2243,2239,2243,2258,2283,2311,2333,2344,2345,2339,2330,2317,2307,2299,2294,2291,2288
62043,11233,New York,NY,New York,Kings,205,1583,1579,1567,1564,1562,1588,1620,1656,1682,1702,1710,1704,1688,1690,1686,1693,1697,1723,1762,1807,1844,1890,1928,1950,1942,1936,1948,1960,1973,1993,2037,2080,2130,2169,2196,2188,2192,2199,2224,2238,2249,2247,2247,2256,2291,2320,2342,2344,2340,2333,2321,2312,2305,2306,2311,2316,2324,2329,2338,2344,2345,2340,2333,2324,2314,2307,2314,2335,2361,2384,2394,2390,2372,2347,2324,2306,2294,2284,2274,2265
62044,11234,New York,NY,New York,Kings,107,1581,1549,1528,1524,1538,1558,1585,1615,1644,1668,1678,1683,1676,1677,1667,1677,1696,1727,1752,1769,1776,1771,1761,1748,1744,1745,1761,1796,1839,1857,1861,1871,1886,1917,1935,1959,1956,1931,1912,1905,1905,1914,1943,1986,2039,2070,2089,2090,2089,2084,2074,2079,2101,2129,2151,2164,2182,2199,2222,2243,2262,2279,2296,2299,2283,2253,2228,2215,2216,2230,2248,2258,2255,2245,2236,2221,2208,2193,2187,2182
62045,11235,New York,NY,New York,Kings,17,1646,1626,1620,1609,1611,1613,1632,1661,1689,1705,1705,1709,1712,1718,1712,1715,1726,1755,1787,1816,1824,1819,1814,1820,1833,1842,1847,1861,1880,1891,1898,1918,1956,2020,2082,2110,2088,2043,2025,2038,2052,2081,2107,2129,2145,2152,2166,2172,2175,2170,2162,2162,2176,2190,2199,2206,2212,2222,2238,2254,2261,2256,2247,2238,2227,2215,2211,2221,2240,2265,2288,2300,2298,2289,2273,2257,2236,2219,2206,2199
62046,11236,New York,NY,New York,Kings,215,1533,1523,1519,1514,1521,1532,1558,1593,1626,1650,1652,1660,1653,1665,1659,1668,1685,1703,1727,1754,1773,1774,1739,1712,1698,1710,1726,1744,1769,1789,1813,1838,1868,1887,1876,1861,1834,1823,1822,1836,1838,1833,1846,1884,1942,1982,2004,2015,2021,2025,2030,2036,2051,2065,2082,2097,2116,2137,2160,2174,2179,2183,2184,2178,2159,2142,2138,2143,2158,2178,2196,2198,2184,2170,2166,2171,2176,2176,2174,2172
62047,11237,New York,NY,New York,Kings,1884,1735,1735,1719,1720,1717,1745,1768,1795,1819,1845,1865,1871,1862,1854,1838,1832,1846,1883,1956,2040,2112,2185,2249,2322,2369,2392,2392,2361,2330,2304,2298,2310,2340,2366,2380,2381,2384,2380,2376,2382,2403,2427,2443,2464,2491,2525,2577,2603,2606,2565,2532,2511,2494,2492,2496,2509,2526,2542,2559,2568,2568,2557,2540,2518,2494,2476,2474,2485,2505,2525,2543,2543,2525,2491,2452,2417,2386,2360,2341,2328
62048,11238,New York,NY,New York,Kings,171,1987,1996,2001,2009,2020,2045,2097,2157,2230,2269,2284,2287,2298,2317,2316,2334,2351,2382,2405,2465,2528,2583,2584,2570,2545,2531,2529,2527,2528,2540,2567,2601,2626,2657,2682,2698,2689,2674,2681,2697,2706,2715,2717,2732,2735,2745,2751,2746,2739,2740,2733,2734,2715,2707,2697,2704,2716,2724,2728,2725,2718,2708,2693,2672,2651,2640,2654,2696,2753,2801,2823,2811,2777,2729,2687,2656,2638,2628,2622,2619
62058,11249,New York,NY,New York,Kings,2275,2407,2390,2371,2400,2442,2497,2544,2598,2638,2672,2721,2769,2775,2777,2756,2756,2736,2761,2788,2842,2871,2900,2895,2873,2847,2824,2825,2826,2839,2842,2855,2891,2935,2974,2965,2942,2906,2884,2863,2879,2906,2936,2968,2998,3045,3071,3089,3093,3094,3094,3096,3095,3089,3092,3091,3097,3096,3102,3113,3122,3130,3133,3136,3144,3161,3175,3188,3204,3232,3253,3256,3232,3199,3160,3126,3096,3076,3057,3037,3020
62066,11354,New York,NY,New York,Queens,580,1712,1719,1731,1746,1754,1761,1763,1768,1766,1768,1778,1803,1823,1833,1828,1826,1822,1834,1848,1866,1882,1896,1911,1926,1947,1967,1978,1981,1988,2005,2017,2045,2060,2097,2115,2127,2127,2132,2147,2162,2171,2171,2169,2161,2178,2194,2217,2227,2234,2234,2235,2239,2252,2259,2258,2248,2229,2216,2209,2210,2213,2220,2228,2234,2231,2221,2208,2203,2211,2225,2233,2229,2215,2203,2198,2198,2199,2199,2199,2199
62067,11355,New York,NY,New York,Queens,112,1708,1715,1728,1747,1756,1766,1767,1772,1771,1774,1778,1794,1805,1815,1814,1821,1825,1833,1841,1856,1876,1894,1911,1934,1965,1989,1998,1996,2004,2020,2030,2051,2074,2127,2158,2165,2155,2150,2163,2179,2192,2194,2188,2182,2196,2215,2240,2253,2258,2259,2258,2265,2274,2281,2282,2274,2259,2245,2239,2239,2239,2239,2241,2242,2243,2241,2236,2238,2250,2265,2268,2256,2235,2216,2205,2203,2205,2206,2205,2205
62068,11356,New York,NY,New York,Queens,6804,1703,1714,1722,1726,1723,1723,1732,1741,1744,1745,1750,1764,1774,1786,1789,1795,1792,1802,1817,1839,1846,1846,1862,1889,1943,1976,2000,1993,1994,1998,2002,2028,2065,2124,2159,2178,2170,2157,2151,2151,2159,2162,2169,2170,2193,2220,2258,2284,2305,2307,2296,2288,2286,2288,2282,2274,2261,2250,2245,2248,2253,2261,2271,2277,2274,2266,2257,2260,2275,2291,2297,2282,2263,2250,2246,2245,2243,2241,2241,2241
62069,11357,New York,NY,New York,Queens,2578,1765,1775,1775,1771,1765,1768,1780,1793,1801,1810,1824,1851,1880,1909,1922,1930,1930,1935,1934,1932,1942,1951,1972,2004,2050,2078,2076,2052,2034,2023,2018,2044,2090,2148,2182,2192,2198,2184,2181,2184,2203,2214,2217,2220,2252,2289,2331,2346,2348,2338,2326,2321,2321,2323,2326,2334,2338,2344,2346,2346,2346,2349,2356,2363,2366,2370,2375,2386,2401,2412,2411,2395,2377,2363,2354,2347,2339,2329,2318,2307
62070,11358,New York,NY,New York,Queens,3282,1772,1777,1786,1795,1800,1802,1804,1811,1817,1835,1864,1912,1949,1969,1971,1981,1992,1994,1981,1975,1987,2004,2024,2056,2099,2124,2118,2090,2067,2060,2057,2092,2141,2213,2256,2266,2265,2245,2242,2240,2247,2260,2264,2271,2300,2338,2384,2402,2407,2394,2382,2372,2372,2377,2388,2404,2413,2429,2442,2454,2445,2424,2400,2394,2403,2424,2449,2479,2508,2528,2531,2516,2493,2468,2445,2425,2408,2393,2382,2377
62072,11360,New York,NY,New York,Queens,5253,1765,1771,1774,1779,1781,1780,1791,1805,1820,1819,1831,1847,1873,1886,1888,1887,1872,1879,1883,1908,1922,1941,1959,1982,2007,2041,2064,2068,2049,2046,2041,2057,2078,2118,2153,2174,2188,2189,2191,2191,2193,2192,2192,2198,2230,2264,2297,2305,2307,2303,2300,2297,2294,2289,2284,2276,2261,2250,2242,2245,2251,2267,2284,2294,2284,2268,2252,2250,2255,2264,2265,2259,2249,2250,2258,2262,2259,2250,2247,2244
62073,11361,New York,NY,New York,Queens,4756,1772,1776,1789,1801,1805,1803,1804,1813,1827,1843,1875,1913,1949,1958,1950,1954,1963,1971,1970,1971,1985,1995,2013,2043,2086,2115,2119,2100,2083,2074,2076,2104,2150,2213,2255,2271,2269,2249,2243,2239,2240,2251,2258,2268,2288,2317,2353,2369,2375,2367,2360,2352,2350,2344,2348,2360,2373,2387,2398,2408,2407,2396,2383,2383,2392,2406,2421,2435,2447,2453,2458,2456,2446,2427,2409,2393,2377,2363,2351,2346
62074,11362,New York,NY,New York,Queens,7339,1741,1740,1748,1763,1772,1780,1785,1800,1813,1827,1841,1855,1865,1870,1867,1879,1881,1890,1894,1908,1926,1935,1947,1972,2017,2057,2076,2065,2061,2065,2078,2104,2144,2188,2221,2225,2230,2218,2220,2219,2221,2229,2230,2235,2267,2303,2335,2332,2327,2318,2315,2303,2296,2281,2270,2257,2243,2238,2242,2248,2253,2261,2270,2281,2284,2279,2268,2264,2275,2293,2304,2294,2273,2252,2242,2241,2243,2245,2243,2242
62075,11363,New York,NY,New York,Queens,10481,1820,1828,1836,1838,1826,1822,1826,1838,1849,1868,1898,1937,1971,1976,1967,1968,1988,2008,2012,2009,2022,2027,2041,2054,2090,2113,2116,2093,2069,2059,2064,2115,2174,2234,2277,2293,2306,2277,2269,2263,2274,2292,2300,2308,2343,2396,2456,2480,2480,2455,2432,2412,2417,2417,2431,2446,2469,2504,2538,2566,2585,2607,2617,2614,2594,2586,2592,2619,2653,2682,2690,2685,2665,2648,2615,2582,2539,2504,2468,2435
62076,11364,New York,NY,New York,Queens,2932,1721,1720,1726,1741,1748,1757,1765,1781,1792,1799,1804,1815,1822,1824,1818,1827,1829,1837,1844,1862,1880,1895,1915,1956,2013,2065,2091,2087,2082,2082,2084,2092,2116,2157,2194,2203,2206,2193,2195,2192,2194,2198,2207,2210,2241,2272,2305,2308,2305,2301,2290,2277,2269,2269,2268,2265,2251,2241,2236,2239,2237,2236,2236,2241,2245,2248,2249,2249,2257,2268,2274,2263,2241,2222,2210,2205,2201,2200,2199,2199
62077,11365,New York,NY,New York,Queens,1976,1766,1769,1784,1797,1804,1811,1816,1827,1832,1846,1854,1879,1906,1931,1944,1967,1982,1974,1946,1933,1948,1973,2010,2056,2103,2140,2147,2135,2114,2108,2100,2110,2142,2196,2240,2249,2250,2238,2237,2236,2241,2263,2281,2309,2339,2372,2400,2407,2405,2396,2383,2378,2376,2381,2389,2408,2426,2452,2476,2501,2511,2509,2503,2504,2512,2524,2532,2544,2558,2572,2578,2573,2561,2537,2506,2475,2453,2442,2437,2433
62078,11366,New York,NY,New York,Queens,8689,1769,1774,1798,1820,1830,1849,1859,1872,1864,1868,1867,1886,1918,1949,1966,1988,1994,1979,1945,1925,1940,1971,2022,2075,2120,2158,2167,2155,2132,2125,2118,2137,2173,2218,2251,2256,2267,2262,2270,2279,2295,2326,2340,2364,2384,2413,2437,2442,2438,2424,2405,2401,2401,2407,2411,2424,2438,2464,2501,2547,2581,2594,2592,2592,2597,2609,2615,2626,2635,2645,2659,2671,2683,2678,2655,2627,2601,2589,2576,2570
62079,11367,New York,NY,New York,Queens,2057,1688,1685,1695,1712,1721,1737,1745,1762,1755,1749,1735,1741,1746,1759,1766,1780,1790,1805,1819,1832,1847,1861,1888,1933,1988,2032,2043,2039,2028,2032,2030,2051,2073,2119,2145,2158,2161,2167,2179,2191,2200,2206,2196,2185,2195,2217,2234,2232,2230,2231,2235,2241,2251,2251,2241,2215,2181,2152,2142,2149,2160,2174,2184,2193,2193,2189,2173,2156,2140,2136,2135,2138,2139,2144,2147,2153,2156,2157,2158,2160
62080,11368,New York,NY,New York,Queens,430,1675,1688,1700,1721,1736,1752,1758,1761,1759,1752,1744,1752,1755,1764,1758,1766,1766,1780,1798,1819,1837,1859,1889,1929,1974,2000,2008,1997,2001,2015,2016,2036,2074,2157,2205,2223,2200,2186,2181,2183,2183,2185,2174,2171,2198,2247,2302,2337,2358,2352,2337,2323,2320,2312,2303,2298,2284,2272,2264,2267,2266,2262,2256,2252,2252,2255,2260,2275,2299,2316,2309,2276,2243,2217,2206,2207,2216,2225,2229,2231
62081,11369,New York,NY,New York,Queens,5939,1686,1695,1710,1735,1755,1776,1786,1791,1785,1779,1780,1802,1812,1825,1815,1822,1816,1825,1838,1858,1879,1906,1935,1982,2023,2052,2050,2029,2018,2024,2027,2061,2085,2157,2187,2215,2203,2202,2201,2194,2180,2176,2175,2183,2219,2256,2298,2322,2341,2335,2321,2301,2304,2303,2311,2309,2301,2293,2286,2281,2272,2262,2254,2252,2254,2256,2257,2269,2293,2317,2323,2304,2276,2246,2229,2223,2225,2227,2227,2227
62082,11370,New York,NY,New York,Queens,6714,1703,1718,1727,1750,1774,1799,1810,1809,1803,1796,1805,1829,1838,1847,1841,1843,1831,1833,1841,1854,1865,1886,1911,1950,1998,2035,2043,2034,2042,2062,2069,2091,2108,2176,2220,2253,2242,2229,2221,2216,2212,2216,2213,2215,2246,2287,2328,2349,2364,2361,2340,2317,2309,2312,2314,2315,2307,2301,2295,2290,2276,2261,2250,2246,2246,2247,2245,2252,2264,2281,2284,2268,2237,2208,2190,2187,2189,2193,2195,2197
62084,11372,New York,NY,New York,Queens,247,1642,1645,1663,1695,1726,1756,1766,1771,1761,1752,1741,1746,1756,1779,1792,1811,1810,1814,1812,1821,1834,1856,1885,1925,1960,1986,1997,1992,1990,2000,2008,2031,2044,2085,2100,2098,2088,2096,2121,2134,2129,2117,2114,2117,2144,2179,2223,2246,2256,2253,2245,2235,2229,2224,2222,2213,2193,2173,2162,2166,2167,2173,2174,2182,2185,2182,2167,2149,2133,2124,2124,2131,2136,2141,2144,2152,2157,2165,2171,2176
62085,11373,New York,NY,New York,Queens,155,1668,1687,1701,1726,1743,1762,1770,1771,1764,1750,1735,1737,1744,1763,1769,1784,1784,1794,1804,1820,1830,1844,1856,1891,1935,1976,1995,1987,1986,1992,1996,2016,2046,2114,2146,2160,2149,2151,2157,2158,2150,2144,2136,2139,2167,2205,2247,2265,2277,2275,2272,2272,2282,2286,2283,2276,2260,2249,2243,2243,2236,2225,2212,2207,2205,2207,2209,2220,2239,2255,2254,2235,2209,2187,2181,2186,2194,2198,2199,2200
62086,11374,New York,NY,New York,Queens,662,1652,1659,1677,1706,1727,1747,1757,1763,1747,1727,1709,1712,1727,1753,1772,1786,1790,1800,1814,1825,1834,1837,1851,1877,1927,1972,1998,2001,2000,2001,1999,2018,2039,2078,2087,2083,2079,2100,2132,2152,2144,2134,2115,2101,2114,2146,2193,2225,2247,2252,2254,2258,2264,2257,2238,2210,2177,2145,2128,2122,2126,2139,2151,2163,2167,2166,2156,2143,2129,2117,2108,2104,2100,2107,2120,2136,2144,2149,2155,2162
62087,11375,New York,NY,New York,Queens,16,1665,1665,1677,1701,1715,1729,1738,1744,1733,1716,1701,1705,1722,1749,1767,1782,1786,1800,1815,1828,1837,1849,1867,1892,1932,1971,1995,1998,1998,2009,2020,2057,2088,2135,2166,2175,2170,2176,2199,2213,2195,2177,2154,2139,2147,2169,2202,2224,2245,2253,2265,2265,2267,2252,2232,2207,2177,2152,2140,2139,2145,2157,2168,2180,2181,2174,2157,2139,2117,2096,2085,2086,2097,2111,2126,2137,2141,2142,2144,2146
62088,11377,New York,NY,New York,Queens,97,1700,1706,1720,1746,1770,1787,1791,1790,1786,1784,1786,1799,1806,1812,1816,1824,1826,1823,1829,1845,1866,1894,1914,1936,1963,1990,2014,2016,2030,2051,2071,2104,2147,2224,2280,2300,2293,2287,2291,2284,2267,2249,2226,2221,2254,2307,2356,2380,2395,2386,2363,2338,2334,2337,2336,2323,2302,2287,2280,2276,2266,2251,2241,2238,2239,2241,2241,2249,2265,2281,2280,2258,2228,2207,2198,2198,2200,2201,2200,2200
62089,11378,New York,NY,New York,Queens,5000,1689,1710,1720,1742,1758,1775,1775,1766,1751,1737,1738,1754,1769,1782,1787,1802,1803,1803,1808,1815,1830,1848,1865,1879,1902,1924,1946,1946,1971,1998,2024,2064,2116,2209,2267,2290,2276,2274,2282,2279,2244,2214,2180,2177,2208,2253,2293,2314,2335,2332,2316,2310,2323,2339,2334,2321,2298,2280,2271,2269,2264,2256,2249,2243,2241,2242,2244,2257,2274,2290,2284,2259,2227,2205,2196,2198,2203,2204,2203,2202
62090,11379,New York,NY,New York,Queens,3899,1705,1724,1731,1745,1756,1771,1776,1774,1761,1746,1738,1746,1762,1785,1799,1819,1821,1824,1826,1831,1847,1868,1884,1894,1915,1936,1950,1939,1948,1967,1985,2020,2075,2173,2238,2273,2267,2264,2259,2253,2227,2208,2176,2169,2191,2232,2272,2297,2319,2320,2311,2308,2321,2335,2333,2327,2311,2300,2295,2297,2292,2280,2268,2260,2263,2273,2286,2305,2325,2342,2343,2327,2301,2274,2254,2243,2239,2238,2238,2237
62093,11385,New York,NY,New York,Queens,153,1641,1650,1651,1650,1646,1641,1651,1657,1661,1660,1665,1682,1697,1696,1693,1689,1693,1695,1694,1697,1725,1763,1800,1809,1827,1840,1860,1874,1890,1904,1899,1922,1946,2009,2040,2074,2064,2068,2091,2137,2163,2166,2147,2143,2172,2213,2252,2265,2282,2291,2298,2304,2311,2312,2301,2294,2280,2266,2258,2255,2251,2242,2228,2213,2202,2202,2206,2223,2249,2272,2271,2246,2217,2196,2192,2195,2201,2203,2203,2203
62097,11411,New York,NY,New York,Queens,7405,1625,1628,1628,1625,1634,1637,1650,1661,1674,1679,1683,1691,1714,1719,1724,1718,1720,1721,1720,1731,1753,1797,1827,1854,1867,1913,1954,1985,1978,1955,1933,1919,1926,1936,1932,1910,1890,1906,1961,2005,2031,2019,2013,1996,2036,2086,2155,2167,2167,2165,2172,2182,2171,2155,2130,2129,2139,2167,2202,2243,2273,2285,2270,2247,2224,2225,2243,2274,2292,2295,2279,2273,2275,2284,2283,2282,2282,2286,2287,2289
62098,11412,New York,NY,New York,Queens,4759,1620,1620,1619,1618,1626,1627,1634,1639,1652,1665,1678,1691,1707,1705,1702,1700,1706,1709,1707,1716,1738,1780,1809,1836,1851,1885,1917,1938,1936,1923,1908,1903,1914,1936,1940,1942,1931,1945,1973,2000,2016,2011,2011,1999,2044,2096,2163,2177,2181,2186,2191,2196,2197,2193,2187,2183,2186,2198,2219,2242,2254,2253,2235,2212,2187,2180,2188,2209,2226,2239,2239,2237,2233,2226,2213,2201,2193,2189,2184,2182
62099,11413,New York,NY,New York,Queens,4119,1620,1620,1616,1612,1615,1615,1626,1638,1655,1665,1675,1685,1696,1691,1690,1689,1697,1700,1700,1709,1730,1756,1773,1778,1790,1814,1850,1876,1881,1872,1853,1850,1852,1874,1884,1882,1869,1880,1931,1976,1998,1967,1936,1915,1962,2025,2089,2105,2110,2122,2137,2154,2151,2149,2135,2136,2144,2169,2198,2225,2239,2243,2229,2212,2186,2178,2182,2206,2224,2236,2231,2218,2201,2186,2176,2173,2176,2180,2182,2184
62100,11414,New York,NY,New York,Queens,4484,1632,1640,1641,1635,1628,1623,1630,1641,1651,1656,1660,1669,1681,1682,1694,1705,1726,1732,1735,1739,1760,1787,1825,1855,1880,1886,1893,1899,1906,1897,1883,1886,1906,1927,1942,1952,1951,1942,1940,1956,1972,1973,1977,1988,2027,2062,2087,2086,2085,2097,2119,2141,2137,2137,2131,2147,2152,2155,2161,2171,2179,2178,2167,2153,2142,2138,2137,2144,2150,2154,2152,2149,2152,2156,2159,2155,2151,2148,2147,2146
62101,11415,New York,NY,New York,Queens,5354,1634,1640,1647,1651,1654,1646,1654,1662,1670,1666,1658,1661,1677,1694,1709,1709,1712,1712,1719,1730,1755,1784,1811,1831,1854,1883,1905,1924,1928,1937,1942,1956,1968,1987,2000,2018,2026,2040,2064,2092,2099,2080,2053,2049,2072,2107,2134,2142,2149,2162,2175,2186,2169,2150,2131,2128,2121,2112,2116,2126,2137,2146,2149,2152,2148,2142,2126,2111,2090,2076,2071,2076,2092,2105,2115,2119,2120,2120,2122,2123
62102,11416,New York,NY,New York,Queens,8364,1606,1610,1613,1615,1620,1621,1635,1646,1653,1653,1648,1656,1662,1660,1659,1665,1685,1700,1708,1715,1734,1763,1795,1812,1825,1829,1835,1842,1849,1851,1841,1852,1869,1901,1911,1914,1899,1897,1914,1946,1967,1972,1976,1986,2024,2060,2091,2095,2104,2117,2131,2144,2131,2132,2126,2140,2142,2145,2152,2163,2170,2169,2157,2144,2132,2132,2136,2151,2171,2192,2199,2188,2169,2153,2145,2141,2140,2139,2139,2139
62103,11417,New York,NY,New York,Queens,6296,1620,1623,1626,1624,1625,1623,1633,1641,1648,1648,1645,1650,1660,1660,1665,1673,1695,1712,1722,1732,1751,1778,1810,1829,1840,1839,1848,1862,1875,1878,1869,1877,1894,1920,1932,1931,1920,1910,1922,1945,1961,1964,1970,1982,2021,2054,2083,2082,2084,2098,2124,2149,2145,2143,2138,2161,2171,2179,2182,2190,2195,2191,2176,2160,2144,2142,2152,2174,2195,2210,2209,2201,2189,2179,2169,2159,2152,2147,2144,2143
62104,11418,New York,NY,New York,Queens,5380,1625,1628,1633,1636,1638,1633,1643,1652,1662,1660,1657,1661,1673,1672,1681,1691,1707,1711,1711,1722,1752,1791,1828,1843,1848,1852,1865,1884,1897,1907,1900,1907,1920,1951,1967,1981,1977,1978,1998,2034,2060,2062,2062,2067,2102,2136,2168,2175,2183,2192,2202,2208,2202,2192,2182,2184,2179,2174,2175,2183,2191,2193,2185,2175,2161,2151,2146,2152,2171,2192,2200,2194,2180,2166,2156,2148,2144,2141,2140,2140
62105,11419,New York,NY,New York,Queens,5142,1627,1621,1621,1621,1627,1627,1639,1646,1658,1660,1662,1665,1673,1668,1670,1678,1696,1706,1708,1718,1748,1788,1831,1843,1842,1837,1852,1872,1875,1860,1841,1847,1872,1905,1922,1920,1902,1903,1927,1966,1983,1988,1994,2006,2040,2076,2107,2107,2106,2117,2137,2157,2154,2149,2140,2155,2170,2189,2198,2205,2205,2199,2187,2174,2159,2155,2154,2167,2184,2209,2215,2208,2190,2176,2162,2149,2141,2137,2134,2132
62106,11420,New York,NY,New York,Queens,4374,1621,1614,1614,1613,1619,1618,1628,1637,1651,1658,1665,1670,1678,1673,1675,1683,1699,1707,1702,1711,1740,1774,1809,1814,1819,1822,1842,1861,1861,1848,1830,1834,1857,1884,1902,1898,1889,1895,1920,1955,1968,1971,1970,1976,2008,2045,2081,2084,2082,2085,2102,2124,2129,2128,2119,2135,2156,2186,2211,2228,2232,2228,2213,2195,2169,2156,2160,2181,2201,2212,2213,2206,2193,2178,2163,2149,2142,2139,2136,2134
62107,11421,New York,NY,New York,Queens,5008,1621,1625,1629,1629,1629,1626,1636,1643,1649,1652,1655,1664,1675,1671,1673,1675,1697,1713,1719,1722,1743,1781,1822,1842,1852,1855,1862,1874,1884,1887,1873,1874,1890,1916,1932,1930,1918,1912,1929,1956,1977,1986,2002,2019,2061,2093,2125,2133,2143,2158,2171,2180,2168,2162,2158,2167,2169,2168,2172,2180,2186,2180,2165,2152,2143,2144,2153,2174,2204,2229,2232,2214,2190,2172,2161,2150,2144,2141,2140,2139
62108,11422,New York,NY,New York,Queens,6048,1616,1622,1621,1615,1618,1624,1645,1665,1680,1678,1679,1684,1701,1702,1705,1700,1705,1707,1709,1719,1738,1762,1773,1780,1793,1817,1850,1872,1877,1866,1850,1850,1851,1869,1873,1870,1860,1873,1924,1973,2001,1978,1954,1937,1979,2031,2084,2097,2099,2108,2114,2128,2119,2119,2105,2109,2114,2133,2155,2180,2196,2203,2199,2192,2177,2170,2173,2190,2203,2211,2207,2199,2185,2171,2159,2152,2151,2153,2155,2158
62109,11423,New York,NY,New York,Queens,5782,1661,1671,1677,1683,1685,1683,1684,1692,1703,1713,1717,1727,1740,1743,1737,1730,1727,1728,1733,1748,1780,1817,1854,1895,1936,1981,2007,2014,2009,2001,1997,2021,2053,2087,2098,2108,2116,2131,2144,2156,2157,2168,2175,2171,2196,2226,2263,2259,2254,2251,2255,2263,2277,2286,2289,2288,2280,2274,2280,2293,2303,2303,2292,2279,2264,2260,2262,2274,2281,2285,2275,2265,2254,2245,2233,2220,2209,2202,2198,2197
62112,11426,New York,NY,New York,Queens,7460,1729,1732,1758,1783,1791,1803,1806,1818,1814,1821,1825,1839,1857,1866,1864,1855,1849,1843,1834,1831,1851,1892,1957,2029,2083,2118,2113,2111,2105,2107,2095,2096,2119,2149,2178,2182,2192,2190,2207,2215,2224,2241,2261,2271,2301,2329,2359,2348,2340,2320,2315,2305,2313,2305,2300,2293,2287,2290,2304,2326,2338,2328,2308,2292,2287,2290,2303,2322,2339,2349,2353,2361,2368,2370,2356,2330,2310,2297,2291,2287
62113,11427,New York,NY,New York,Queens,6369,1719,1726,1747,1774,1781,1781,1770,1780,1783,1796,1802,1813,1819,1816,1807,1798,1788,1789,1791,1800,1830,1878,1939,2000,2056,2106,2125,2124,2116,2110,2097,2096,2119,2158,2197,2206,2201,2186,2190,2203,2219,2244,2268,2272,2292,2310,2339,2329,2319,2299,2285,2274,2281,2285,2286,2279,2269,2265,2272,2291,2307,2312,2302,2286,2264,2247,2244,2260,2279,2289,2284,2276,2268,2261,2255,2253,2259,2263,2261,2258
62114,11428,New York,NY,New York,Queens,7729,1725,1737,1752,1771,1770,1766,1748,1750,1743,1758,1765,1782,1791,1789,1776,1765,1758,1764,1769,1782,1814,1867,1923,1970,2013,2057,2083,2085,2081,2078,2068,2071,2089,2123,2159,2174,2176,2167,2169,2180,2197,2226,2249,2241,2258,2277,2309,2302,2294,2279,2271,2267,2278,2285,2284,2277,2267,2267,2278,2300,2317,2319,2305,2285,2260,2246,2254,2281,2305,2309,2295,2282,2275,2270,2261,2252,2250,2249,2247,2245
62115,11429,New York,NY,New York,Queens,7190,1624,1639,1649,1655,1659,1654,1661,1674,1689,1699,1702,1711,1729,1731,1726,1713,1708,1708,1711,1727,1760,1813,1854,1893,1917,1971,2007,2024,2014,1995,1995,1997,2016,2023,2014,2012,2007,2025,2040,2056,2073,2084,2097,2080,2112,2152,2215,2229,2234,2231,2234,2244,2256,2255,2243,2228,2217,2217,2234,2260,2280,2288,2275,2256,2233,2219,2215,2222,2230,2235,2230,2232,2233,2238,2232,2227,2224,2223,2221,2219
62118,11432,New York,NY,New York,Queens,1195,1669,1673,1678,1685,1688,1687,1690,1696,1704,1708,1711,1717,1727,1731,1731,1733,1737,1743,1751,1764,1792,1821,1855,1894,1929,1963,1978,1991,1990,1989,1989,2017,2049,2084,2095,2107,2113,2128,2139,2160,2166,2178,2179,2183,2203,2231,2259,2259,2257,2250,2247,2253,2267,2279,2282,2281,2271,2260,2255,2255,2253,2247,2242,2240,2241,2241,2241,2246,2256,2262,2255,2235,2214,2199,2195,2193,2194,2194,2193,2194
62119,11433,New York,NY,New York,Queens,5246,1620,1616,1615,1613,1619,1620,1623,1623,1630,1643,1656,1669,1681,1685,1688,1690,1697,1698,1698,1710,1733,1763,1786,1804,1822,1852,1884,1909,1906,1894,1873,1873,1886,1912,1922,1923,1915,1927,1957,1990,2007,2005,2013,2014,2060,2104,2152,2156,2156,2166,2175,2186,2182,2172,2157,2152,2155,2169,2186,2198,2202,2200,2196,2183,2165,2152,2148,2161,2176,2191,2192,2188,2180,2169,2157,2146,2139,2134,2130,2127
62120,11434,New York,NY,New York,Queens,782,1620,1614,1610,1606,1610,1612,1616,1619,1629,1644,1659,1669,1678,1675,1679,1680,1689,1693,1692,1704,1725,1751,1767,1769,1782,1803,1838,1868,1872,1864,1846,1845,1858,1878,1888,1878,1865,1871,1905,1943,1959,1944,1933,1930,1977,2029,2081,2094,2098,2104,2116,2136,2137,2133,2119,2127,2140,2166,2187,2206,2214,2216,2204,2187,2159,2143,2136,2154,2174,2194,2198,2197,2187,2170,2152,2138,2131,2126,2120,2114
62121,11435,New York,NY,New York,Queens,1615,1633,1628,1626,1626,1633,1631,1642,1650,1662,1668,1673,1680,1687,1684,1686,1690,1700,1701,1700,1712,1745,1779,1806,1813,1822,1839,1863,1882,1879,1868,1854,1861,1881,1909,1929,1940,1936,1944,1973,2009,2026,2024,2024,2024,2053,2087,2121,2124,2127,2135,2145,2159,2156,2149,2136,2131,2123,2120,2129,2147,2156,2156,2149,2145,2142,2140,2132,2127,2126,2132,2135,2132,2130,2122,2116,2108,2106,2106,2106,2104
62122,11436,New York,NY,New York,Queens,8365,1618,1611,1606,1603,1603,1603,1608,1616,1626,1634,1644,1653,1663,1669,1677,1681,1690,1693,1691,1700,1724,1754,1775,1781,1789,1809,1840,1867,1867,1854,1838,1839,1861,1874,1883,1870,1870,1880,1906,1937,1956,1959,1960,1959,1996,2037,2080,2088,2086,2088,2104,2129,2129,2123,2107,2122,2139,2168,2191,2211,2221,2227,2219,2201,2167,2140,2129,2142,2162,2176,2180,2174,2160,2142,2124,2110,2101,2097,2095,2092
62179,11691,New York,NY,New York,Queens,893,1603,1603,1603,1602,1602,1603,1615,1626,1640,1643,1648,1655,1660,1658,1658,1664,1680,1683,1685,1691,1712,1735,1752,1758,1765,1782,1806,1829,1836,1833,1819,1821,1826,1848,1861,1874,1876,1895,1931,1966,1975,1949,1923,1909,1947,1993,2037,2051,2059,2066,2063,2073,2070,2076,2060,2060,2062,2079,2103,2124,2136,2138,2133,2129,2122,2114,2108,2112,2123,2134,2139,2137,2130,2116,2106,2101,2108,2120,2130,2135
62180,11692,New York,NY,New York,Queens,6603,1604,1603,1602,1602,1602,1602,1615,1624,1634,1634,1639,1650,1658,1657,1656,1660,1675,1677,1673,1671,1691,1720,1752,1763,1771,1781,1799,1813,1813,1809,1801,1808,1825,1850,1868,1874,1876,1888,1923,1959,1964,1943,1922,1924,1957,1994,2026,2037,2044,2055,2056,2068,2062,2067,2051,2053,2061,2082,2109,2129,2141,2141,2138,2138,2128,2117,2106,2107,2114,2125,2131,2127,2118,2102,2095,2090,2094,2101,2104,2104
62181,11693,New York,NY,New York,Queens,8000,1614,1610,1611,1611,1612,1608,1612,1618,1629,1637,1647,1657,1670,1674,1683,1693,1705,1702,1687,1687,1711,1747,1781,1794,1808,1810,1814,1819,1821,1820,1810,1815,1830,1846,1859,1865,1872,1888,1909,1939,1941,1943,1941,1956,1984,2010,2028,2027,2027,2038,2050,2069,2061,2051,2029,2046,2074,2111,2133,2147,2151,2155,2155,2154,2140,2122,2111,2111,2119,2128,2135,2132,2120,2104,2093,2079,2066,2052,2042,2036
62182,11694,New York,NY,New York,Queens,6061,1636,1643,1642,1637,1632,1632,1646,1659,1663,1660,1662,1673,1690,1692,1705,1721,1736,1738,1734,1747,1771,1800,1830,1857,1884,1896,1897,1889,1879,1867,1859,1875,1901,1921,1936,1947,1958,1952,1959,1977,2000,2012,2018,2036,2073,2114,2138,2136,2139,2152,2166,2181,2165,2163,2153,2172,2176,2179,2183,2192,2198,2197,2191,2186,2179,2180,2184,2196,2209,2220,2222,2215,2206,2199,2197,2197,2199,2199,2199,2198
62184,11697,New York,NY,New York,Queens,10415,1666,1663,1666,1664,1663,1661,1673,1684,1693,1698,1698,1699,1711,1718,1734,1735,1742,1744,1753,1786,1823,1856,1880,1908,1962,2026,2066,2110,2123,2142,2152,2174,2197,2182,2166,2155,2153,2172,2199,2206,2166,2140,2140,2166,2194,2235,2268,2278,2272,2243,2213,2202,2213,2219,2214,2210,2209,2206,2208,2203,2199,2187,2172,2166,2168,2180,2184,2189,2195,2210,2224,2234,2237,2230,2224,2211,2202,2195,2192,2189
